[{"name": "Satay House", "y": -122.2580885, "weight": 4.5, "x": 37.868144, "cluster": 0}, {"name": "Durant Square - Asian Ghetto", "y": -122.2579783, "weight": 4.0, "x": 37.8680781, "cluster": 1}, {"name": "Bear's Ramen House", "y": -122.2580151, "weight": 3.5, "x": 37.8680531, "cluster": 2}, {"name": "Henry's", "y": -122.256618440151, "weight": 3.0, "x": 37.8680398922584, "cluster": 4}, {"name": "Quickly", "y": -122.2522884, "weight": 2.5, "x": 37.8686878, "cluster": 5}, {"name": "Peking Express", "y": -122.2581978, "weight": 3.5, "x": 37.867768, "cluster": 7}, {"name": "Planet Kebob & Cafe", "y": -122.2599315, "weight": 4.5, "x": 37.8678328, "cluster": 8}, {"name": "Kimchi Garden", "y": -122.258216, "weight": 2.5, "x": 37.868035, "cluster": 9}, {"name": "Cheese 'N' Stuff", "y": -122.2595445, "weight": 4.0, "x": 37.8677205, "cluster": 10}, {"name": "Sun Hong Kong Restaurant", "y": -122.2595134, "weight": 3.5, "x": 37.86788, "cluster": 11}, {"name": "Cafe 3", "y": -122.260408, "weight": 2.0, "x": 37.867417, "cluster": 12}, {"name": "KoKo Express", "y": -122.2597653, "weight": 2.5, "x": 37.8677755, "cluster": 13}, {"name": "Babette", "y": -122.2565107, "weight": 4.0, "x": 37.8681313, "cluster": 14}]